{
  "counts": [
    7,
    6,
    8,
    16,
    31,
    35,
    44,
    48,
    49,
    47,
    41,
    26,
    12,
    17,
    7,
    3,
    2,
    1,
    0,
    0
  ],
  "percentages": [
    0.0175,
    0.015,
    0.02,
    0.04,
    0.0775,
    0.0875,
    0.11,
    0.12,
    0.1225,
    0.1175,
    0.1025,
    0.065,
    0.03,
    0.0425,
    0.0175,
    0.0075,
    0.005,
    0.0025,
    0.0,
    0.0
  ],
  "bin_edges": [
    0.0,
    0.05000000074505806,
    0.10000000149011612,
    0.15000000596046448,
    0.20000000298023224,
    0.25,
    0.30000001192092896,
    0.3499999940395355,
    0.4000000059604645,
    0.44999998807907104,
    0.5,
    0.550000011920929,
    0.6000000238418579,
    0.6499999761581421,
    0.699999988079071,
    0.75,
    0.800000011920929,
    0.8500000238418579,
    0.8999999761581421,
    0.949999988079071,
    1.0
  ],
  "total": 400,
  "bins": 20
}