{
  "generated_at": "2025-11-09T09:29:57.135795Z",
  "features_path": "models\\fraud\\workdir\\features\\features.parquet",
  "weak_labels_path": null,
  "folds": [
    {
      "fold": 0,
      "train_rows": 40400,
      "val_rows": 10100,
      "metrics_sigmoid": {
        "roc_auc": 0.9998426735559088,
        "pr_auc": 0.9708471482381688
      },
      "metrics_isotonic": {
        "roc_auc": 0.999798511747041,
        "pr_auc": 0.9691414384576498
      }
    }
  ],
  "metrics": {
    "sigmoid": {
      "roc_auc": 0.9998426735559088,
      "pr_auc": 0.9708471482381688
    },
    "isotonic": {
      "roc_auc": 0.999798511747041,
      "pr_auc": 0.9691414384576498
    }
  },
  "chosen_calibration": "sigmoid",
  "threshold": 0.021083037503464866,
  "seed": 42
}